position,player,country,points,profile_url
1,Arturo Coello,ESP,21623,https://www.padelfip.com/es/player/arturo-coello/
1,Agustin Tapia,ARG,21623,https://www.padelfip.com/es/player/agustin-tapia/
3,Alejandro Galan,ESP,17626,https://www.padelfip.com/es/player/alejandro-galan/
3,Federico Chingotto,ARG,17626,https://www.padelfip.com/es/player/federico-chingotto/
5,Juan Lebron,ESP,7800,https://www.padelfip.com/es/player/juan-lebron/
6,Leandro Augsburger,ARG,7026,https://www.padelfip.com/es/player/leandro-augsburger/
7,Franco Stupaczuk,ARG,7020,https://www.padelfip.com/es/player/franco-stupaczuk/
8,Miguel Yanguas,ESP,6921,https://www.padelfip.com/es/player/miguel-yanguas/
9,Jorge Nieto,ESP,5946,https://www.padelfip.com/es/player/jorge-nieto/
10,Francisco Navarro,ESP,5881,https://www.padelfip.com/es/player/francisco-navarro/
11,Jon Sanz,ESP,5106,https://www.padelfip.com/es/player/jon-sanz/
12,Martin Di Nenno,ARG,5016,https://www.padelfip.com/es/player/martin-di-nenno/
13,Francisco Guerrero,ESP,4543,https://www.padelfip.com/es/player/francisco-guerrero/
14,Jeronimo Gonzalez,ESP,4346,https://www.padelfip.com/es/player/jeronimo-gonzalez/
15,Lucas Bergamini,BRA,3951,https://www.padelfip.com/es/player/lucas-bergamini/
16,Eduardo Alonso,ESP,3231,https://www.padelfip.com/es/player/eduardo-alonso/
17,Javier Leal,ESP,3219,https://www.padelfip.com/es/player/javier-leal/
18,Juan Tello,ARG,3209,https://www.padelfip.com/es/player/juan-tello/
19,Lucas Campagnolo,BRA,3033,https://www.padelfip.com/es/player/lucas-campagnolo/
20,Javier Garrido,ESP,3011,https://www.padelfip.com/es/player/javier-garrido/
21,Alejandro Ruiz,ESP,2568,https://www.padelfip.com/es/player/alejandro-ruiz/
22,Javier Garcia,ESP,2554,https://www.padelfip.com/es/player/javier-garcia/
23,Jairo Bautista,ESP,2428,https://www.padelfip.com/es/player/jairo-bautista/
24,Juanlu Esbri,ESP,2380,https://www.padelfip.com/es/player/juanlu-esbri/
25,Javier Barahona,ESP,2324,https://www.padelfip.com/es/player/javier-barahona/
26,Alejandro Arroyo,ESP,2276,https://www.padelfip.com/es/player/alejandro-arroyo/
27,Alex Chozas,ARG,2228,https://www.padelfip.com/es/player/alex-chozas/
28,Maximiliano Arce Simo,ARG,2207,https://www.padelfip.com/es/player/maximiliano-arce-simo/
29,Leonel Daniel Aguirre,ARG,2194,https://www.padelfip.com/es/player/leonel-daniel-aguirre/
30,Carlos Daniel Gutierrez,ARG,2124,https://www.padelfip.com/es/player/carlos-daniel-gutierrez/
31,Gonzalo Gabriel Alfonso,ARG,2109,https://www.padelfip.com/es/player/gonzalo-gabriel-alfonso/
32,David Gala,ESP,2080,https://www.padelfip.com/es/player/david-gala/
33,Jose Jimenez Casas,ESP,2029,https://www.padelfip.com/es/player/jose-jimenez-casas/
34,Pol Hernandez Alvarez,ESP,1999,https://www.padelfip.com/es/player/pol-hernandez-alvarez/
35,Guillermo Collado,ESP,1970,https://www.padelfip.com/es/player/guillermo-collado/
36,Inigo Jofre,UAE,1874,https://www.padelfip.com/es/player/inigo-jofre/
37,Maximiliano Sanchez Blasco,ARG,1770,https://www.padelfip.com/es/player/maximiliano-sanchez-blasco/
38,Aimar Goñi Lacabe,ESP,1729,https://www.padelfip.com/es/player/aimar-goni-lacabe/
39,Pablo Garcia,ESP,1713,https://www.padelfip.com/es/player/pablo-garcia/
40,Jose Antonio Diestro,ESP,1609,https://www.padelfip.com/es/player/jose-antonio-diestro/
41,Victor Ruiz,ESP,1600,https://www.padelfip.com/es/player/victor-ruiz/
42,Gonzalo Rubio,ESP,1579,https://www.padelfip.com/es/player/gonzalo-rubio/
43,Valentino Gabriel Libaak,ARG,1572,https://www.padelfip.com/es/player/valentino-gabriel-libaak/
44,Javier Ruiz,ESP,1564,https://www.padelfip.com/es/player/javier-ruiz/
45,Pablo Lijo,ESP,1443,https://www.padelfip.com/es/player/pablo-lijo/
46,Alvaro Cepero,ESP,1303,https://www.padelfip.com/es/player/alvaro-cepero/
47,Luis Hernandez Quesada,ESP,1278,https://www.padelfip.com/es/player/luis-hernandez-quesada/
48,Javier Martinez,ESP,1239,https://www.padelfip.com/es/player/javier-martinez/
49,Alonso Rodriguez Martinez,ESP,1229,https://www.padelfip.com/es/player/alonso-rodriguez-martinez/
50,Ignacio Piotto Albornoz,ARG,1228,https://www.padelfip.com/es/player/ignacio-piotto-albornoz/
51,Enzo Jensen Sirvent,ITA,1175,https://www.padelfip.com/es/player/enzo-jensen-sirvent/
52,Eduardo Agustin Torre,ARG,1168,https://www.padelfip.com/es/player/eduardo-agustin-torre/
53,Daniel Santigosa Sastre,ESP,1163,https://www.padelfip.com/es/player/daniel-santigosa-sastre/
54,Pablo Cardona,ESP,1150,https://www.padelfip.com/es/player/pablo-cardona/
55,Mario Del Castillo,ESP,1125,https://www.padelfip.com/es/player/mario-del-castillo/
56,Marc Sintes Villalonga,ESP,1118,https://www.padelfip.com/es/player/marc-sintes-villalonga/
57,Francisco Manuel Gil,ESP,1114,https://www.padelfip.com/es/player/francisco-manuel-gil/
58,Juan Ignacio De Pascual,ARG,1113,https://www.padelfip.com/es/player/juan-ignacio-de-pascual/
59,Enrique Goenaga,ESP,1099,https://www.padelfip.com/es/player/enrique-goenaga/
60,Denis Tomas Perino,ITA,1054,https://www.padelfip.com/es/player/denis-tomas-perino/
61,Juan Ignacio Rubini,ARG,1053,https://www.padelfip.com/es/player/juan-ignacio-rubini/
62,Antonio Fernandez,ESP,1043,https://www.padelfip.com/es/player/antonio-fernandez/
63,Manuel Castaño Salguero,ESP,1039,https://www.padelfip.com/es/player/manuel-castano-salguero/
64,Andres Fernandez Lancha,ESP,1038,https://www.padelfip.com/es/player/andres-fernandez-lancha/
65,Maximiliano Sanchez,ARG,1036,https://www.padelfip.com/es/player/maximiliano-sanchez/
66,Francisco Cabeza Teres,ESP,1024,https://www.padelfip.com/es/player/francisco-cabeza-teres/
67,Mario Ortega,ESP,1023,https://www.padelfip.com/es/player/mario-ortega/
68,Nuno Deus,POR,1021,https://www.padelfip.com/es/player/nuno-deus/
69,Flavio Abbate,ITA,1011,https://www.padelfip.com/es/player/flavio-abbate/
70,Marc Quilez,ESP,995,https://www.padelfip.com/es/player/marc-quilez/
71,Federico Mouriño,ARG,950,https://www.padelfip.com/es/player/federico-mourino/
71,Ignacio Sager,ESP,950,https://www.padelfip.com/es/player/ignacio-sager/
73,Ignacio Vilariño Gestoso,UAE,932,https://www.padelfip.com/es/player/ignacio-vilarino-gestoso/
74,Facundo Dominguez,ITA,931,https://www.padelfip.com/es/player/facundo-dominguez/
75,Alvaro Montiel Caruso,ITA,927,https://www.padelfip.com/es/player/alvaro-montiel-caruso/
76,Miguel Deus,POR,921,https://www.padelfip.com/es/player/miguel-deus/
77,Jose Luis Gonzalez,ESP,917,https://www.padelfip.com/es/player/jose-luis-gonzalez/
78,Mariano Agustin Gonzalez San Martin,PAR,904,https://www.padelfip.com/es/player/mariano-agustin-gonzalez-san-martin/
79,Ramiro Jesus Valenzuela,ARG,897,https://www.padelfip.com/es/player/ramiro-jesus-valenzuela/
80,Emilio Sanchez Chamero,ESP,890,https://www.padelfip.com/es/player/emilio-sanchez-chamero/
81,Javier Valdes,CHI,879,https://www.padelfip.com/es/player/javier-valdes/
82,Aris Patiniotis,ITA,873,https://www.padelfip.com/es/player/aris-patiniotis/
83,Luciano Capra,ARG,869,https://www.padelfip.com/es/player/luciano-capra/
84,Juan Cruz Belluati,ARG,852,https://www.padelfip.com/es/player/juan-cruz-belluati/
85,Álvaro Melendez Amaya,ESP,845,https://www.padelfip.com/es/player/alvaro-melendez-amaya/
86,Teodoro Zapata,ESP,839,https://www.padelfip.com/es/player/teodoro-zapata/
87,Diego Garcia Garcia,ESP,792,https://www.padelfip.com/es/player/diego-garcia-garcia/
88,Miguel Lamperti,ARG,786,https://www.padelfip.com/es/player/miguel-lamperti/
89,Anton Sans,ESP,775,https://www.padelfip.com/es/player/anton-sans/
90,Agustin Gutierrez,ARG,763,https://www.padelfip.com/es/player/agustin-gutierrez/
91,Salvador Oria,ESP,740,https://www.padelfip.com/es/player/salvador-oria/
92,Victor Mena,ESP,737,https://www.padelfip.com/es/player/victor-mena/
92,Adrian Marques Berdonce,ESP,737,https://www.padelfip.com/es/player/adrian-marques-berdonce/
94,Mario Huete Hernandez,ESP,736,https://www.padelfip.com/es/player/mario-huete-hernandez/
95,Clement Geens,BEL,725,https://www.padelfip.com/es/player/clement-geens/
96,Marcos Gonzalez Blanco,ESP,711,https://www.padelfip.com/es/player/marcos-gonzalez-blanco/
97,Marco Cassetta,ITA,687,https://www.padelfip.com/es/player/marco-cassetta/
98,Pedro Melendez Amaya,ESP,667,https://www.padelfip.com/es/player/pedro-melendez-amaya/
99,Dylan Guichard,FRA,664,https://www.padelfip.com/es/player/dylan-guichard/
100,Martin Abud,PAR,657,https://www.padelfip.com/es/player/martin-abud/
101,Albert Roglan Pons,ESP,646,https://www.padelfip.com/es/player/albert-roglan-pons/
102,Facundo Rodrigo Luis Lopez,ARG,602,https://www.padelfip.com/es/player/facundo-rodrigo-luis-lopez/
103,Santiago Jose Pineda Cabello,ESP,577,https://www.padelfip.com/es/player/santiago-jose-pineda-cabello/
104,Ferran Insa Sotillo,ESP,554,https://www.padelfip.com/es/player/ferran-insa-sotillo/
105,Adam Axelsson,SWE,543,https://www.padelfip.com/es/player/adam-axelsson/
106,Rodrigo Coello Manso,ESP,540,https://www.padelfip.com/es/player/rodrigo-coello-manso/
107,Arnau Ayats,UAE,532,https://www.padelfip.com/es/player/arnau-ayats/
108,Renzo Gabriel Nuñez,ARG,526,https://www.padelfip.com/es/player/renzo-gabriel-nunez/
109,Manuel Aragon Herrera,ESP,522,https://www.padelfip.com/es/player/manuel-aragon-herrera/
110,Alberto Garcia Trabanco,ESP,519,https://www.padelfip.com/es/player/alberto-garcia-trabanco/
111,Jesus Moya,ESP,515,https://www.padelfip.com/es/player/jesus-moya/
112,Franco Renato Dal Bianco,ARG,511,https://www.padelfip.com/es/player/franco-renato-dal-bianco/
113,Pablo Sanchez Vicente,ESP,510,https://www.padelfip.com/es/player/pablo-sanchez-vicente/
114,Alfonso Sanchez Arriaga,ESP,501,https://www.padelfip.com/es/player/alfonso-sanchez-arriaga/
115,Miguel Melero Bernal,ESP,499,https://www.padelfip.com/es/player/miguel-melero-bernal/
115,Roberto Belmont Pastor,ESP,499,https://www.padelfip.com/es/player/roberto-belmont-pastor/
117,Guillem Figuerola Santiago,ESP,496,https://www.padelfip.com/es/player/guillem-figuerola-santiago/
118,Nacho Moragues Moltò,ESP,492,https://www.padelfip.com/es/player/nacho-moragues-molto/
119,Ramiro Pereyra,ARG,485,https://www.padelfip.com/es/player/ramiro-pereyra/
120,Nicolas Zurita,ITA,478,https://www.padelfip.com/es/player/nicolas-zurita/
121,Rafael Mendez,ESP,465,https://www.padelfip.com/es/player/rafael-mendez/
122,Adrian Naranjo Martinez,ESP,462,https://www.padelfip.com/es/player/adrian-naranjo-martinez/
122,Alvaro Pozo Marroyo,ESP,462,https://www.padelfip.com/es/player/alvaro-pozo-marroyo/
124,Pedro Araujo,POR,459,https://www.padelfip.com/es/player/pedro-araujo/
125,Luis Oliver Artigas,ESP,458,https://www.padelfip.com/es/player/luis-oliver-artigas/
126,Fran Ramirez Navas,ESP,450,https://www.padelfip.com/es/player/fran-ramirez-navas/
127,Juan Pablo Dametto,ARG,447,https://www.padelfip.com/es/player/juan-pablo-dametto/
128,Jose Solano Marmolejo,ESP,445,https://www.padelfip.com/es/player/jose-solano-marmolejo/
129,Boris Castro Garcia,ESP,444,https://www.padelfip.com/es/player/boris-castro-garcia/
130,Jaume Romera Barcelo,ESP,443,https://www.padelfip.com/es/player/jaume-romera-barcelo/
131,Ignacio Archieri,ARG,440,https://www.padelfip.com/es/player/ignacio-archieri/
132,Alejandro Jerez Carnero,ESP,435,https://www.padelfip.com/es/player/alejandro-jerez-carnero/
133,Maximo Jesus Maldonado,ARG,431,https://www.padelfip.com/es/player/maximo-jesus-maldonado/
134,Jose Rico,ESP,428,https://www.padelfip.com/es/player/jose-rico/
135,Pau Miñano Ortinez,ESP,426,https://www.padelfip.com/es/player/pau-minano-ortinez/
136,Juan Zamora Perez,ESP,423,https://www.padelfip.com/es/player/juan-zamora-perez/
137,Simone Cremona,ITA,419,https://www.padelfip.com/es/player/simone-cremona/
138,Alejandro Merino Nieto,ESP,415,https://www.padelfip.com/es/player/alejandro-merino-nieto/
139,José Enrique Giménez Barcelona,ESP,414,https://www.padelfip.com/es/player/jose-enrique-gimenez-barcelona/
140,Luciano Puppo,ARG,408,https://www.padelfip.com/es/player/luciano-puppo/
140,Julian Lacamoire,ARG,408,https://www.padelfip.com/es/player/julian-lacamoire/
142,Guillermo Fernandez Sanchez,ESP,406,https://www.padelfip.com/es/player/guillermo-fernandez-sanchez/
143,Felipe Calleja,ARG,403,https://www.padelfip.com/es/player/felipe-calleja/
144,Daniel Luna Peinado,ESP,402,https://www.padelfip.com/es/player/daniel-luna-peinado/
145,Youp De Kroon,NED,400,https://www.padelfip.com/es/player/youp-de-kroon/
145,Julian Prins,NED,400,https://www.padelfip.com/es/player/julian-prins/
147,Sten Richters,NED,399,https://www.padelfip.com/es/player/sten-richters/
148,Giulio Graziotti,ITA,397,https://www.padelfip.com/es/player/giulio-graziotti/
149,Miguel Morales Domenech,ESP,393,https://www.padelfip.com/es/player/miguel-morales-domenech/
150,Marcos Cordoba,ESP,381,https://www.padelfip.com/es/player/marcos-cordoba/
151,Timeo Fonteny,FRA,380,https://www.padelfip.com/es/player/timeo-fonteny/
152,Adrian Ronco Lopez,ESP,375,https://www.padelfip.com/es/player/adrian-ronco-lopez/
153,Jaime Perez Martin,ESP,372,https://www.padelfip.com/es/player/jaime-perez-martin/
154,Pedro Graca,POR,371,https://www.padelfip.com/es/player/pedro-graca/
155,Gustavo Nunes,POR,370,https://www.padelfip.com/es/player/gustavo-nunes/
156,Federico Chiostri,ARG,365,https://www.padelfip.com/es/player/federico-chiostri/
157,Javier Rico,ESP,362,https://www.padelfip.com/es/player/javier-rico/
158,Alberto Garcia Jimenez,ESP,360,https://www.padelfip.com/es/player/alberto-garcia-jimenez/
159,Hector Vazquez Lopez,ESP,359,https://www.padelfip.com/es/player/hector-vazquez-lopez/
160,Pepe Aliaga,ESP,358,https://www.padelfip.com/es/player/pepe-aliaga/
161,Pablo Reina Ambel,ESP,356,https://www.padelfip.com/es/player/pablo-reina-ambel/
161,Simone Iacovino,ITA,356,https://www.padelfip.com/es/player/simone-iacovino/
163,Albin Olsson,SWE,354,https://www.padelfip.com/es/player/albin-olsson/
164,Pedro Perry,POR,348,https://www.padelfip.com/es/player/pedro-perry/
165,Diego Dorta Diaz,ESP,347,https://www.padelfip.com/es/player/diego-dorta-diaz/
166,Miguel Gonzalez,ESP,346,https://www.padelfip.com/es/player/miguel-gonzalez/
167,Johan Bergeron,FRA,345,https://www.padelfip.com/es/player/johan-bergeron/
168,Antonio Luque,POR,344,https://www.padelfip.com/es/player/antonio-luque/
169,Sergio Tierno Herrero,ESP,340,https://www.padelfip.com/es/player/sergio-tierno-herrero/
170,Christian Fuster,ESP,339,https://www.padelfip.com/es/player/christian-fuster/
171,Diego Arredondo Garcia,MEX,337,https://www.padelfip.com/es/player/diego-arredondo-garcia/
172,Julien Seurin,FRA,336,https://www.padelfip.com/es/player/julien-seurin/
173,Thijs Roper,NED,330,https://www.padelfip.com/es/player/thijs-roper/
174,Victor Tur Checa,ESP,325,https://www.padelfip.com/es/player/victor-tur-checa/
175,Diego Gil,ESP,316,https://www.padelfip.com/es/player/diego-gil/
176,Alejandro Calvo Perez,ESP,314,https://www.padelfip.com/es/player/alejandro-calvo-perez/
177,Sergio Arias Aznar,ESP,313,https://www.padelfip.com/es/player/sergio-arias-aznar/
178,Agustin Reca,GER,312,https://www.padelfip.com/es/player/agustin-reca/
179,Marcel Font,ESP,310,https://www.padelfip.com/es/player/marcel-font/
180,Miguel Angel Solbes,ESP,307,https://www.padelfip.com/es/player/miguel-angel-solbes/
181,Thomas Leygue,FRA,293,https://www.padelfip.com/es/player/thomas-leygue/
181,Yoan Boronad,FRA,293,https://www.padelfip.com/es/player/yoan-boronad/
183,Bastien Blanque,FRA,292,https://www.padelfip.com/es/player/bastien-blanque/
184,Francisco Maier,ARG,287,https://www.padelfip.com/es/player/francisco-maier/
185,Christian Medina Murphy,GBR,284,https://www.padelfip.com/es/player/christian-medina-murphy/
186,Borja Trujillo Chang,ESP,282,https://www.padelfip.com/es/player/borja-trujillo-chang/
187,Iago Fuertes Leonardo,ESP,279,https://www.padelfip.com/es/player/iago-fuertes-leonardo/
188,Albert Trillas Garcia,ESP,278,https://www.padelfip.com/es/player/albert-trillas-garcia/
188,Douglas Rutgersson,SWE,278,https://www.padelfip.com/es/player/douglas-rutgersson/
190,Lorenzo Di Giovanni,ITA,275,https://www.padelfip.com/es/player/lorenzo-di-giovanni/
191,Pablo Pastor Landaburu,ESP,273,https://www.padelfip.com/es/player/pablo-pastor-landaburu/
191,Samuel Rivas Garcia,ESP,273,https://www.padelfip.com/es/player/samuel-rivas-garcia/
193,Alvaro Lopez Luque,ESP,270,https://www.padelfip.com/es/player/alvaro-lopez-luque/
194,Joao Maria Caiano,POR,269,https://www.padelfip.com/es/player/joao-maria-caiano/
194,Joel Olivera Palos,ESP,269,https://www.padelfip.com/es/player/joel-olivera-palos/
196,Mateo Rivero,ARG,267,https://www.padelfip.com/es/player/mateo-rivero/
197,Leonardo Yob,ARG,265,https://www.padelfip.com/es/player/leonardo-yob/
198,Willy Släryd,SWE,261,https://www.padelfip.com/es/player/willy-slaryd/
199,Dylan Demian Cuello,ARG,260,https://www.padelfip.com/es/player/dylan-demian-cuello/
200,Miguel Benitez Lara,ESP,255,https://www.padelfip.com/es/player/miguel-benitez-lara/
200,Sergio Icardo,UAE,255,https://www.padelfip.com/es/player/sergio-icardo/
202,Simon Vasquez,SWE,249,https://www.padelfip.com/es/player/simon-vasquez/
203,Ramiro Moyano,ARG,245,https://www.padelfip.com/es/player/ramiro-moyano/
204,Jordi Casanova Bataller,ESP,241,https://www.padelfip.com/es/player/jordi-casanova-bataller/
205,Giuseppe Fino,ITA,240,https://www.padelfip.com/es/player/giuseppe-fino/
206,Santino Giuliani Lombardo,ITA,239,https://www.padelfip.com/es/player/santino-giuliani-lombardo/
207,Diogo Jesus,POR,237,https://www.padelfip.com/es/player/diogo-jesus/
208,Francisco Jurado Sosa,UAE,230,https://www.padelfip.com/es/player/francisco-jurado-sosa/
209,Aaron Garcia Rubio,ESP,229,https://www.padelfip.com/es/player/aaron-garcia-rubio/
210,Cristian German Gutierrez,ARG,228,https://www.padelfip.com/es/player/cristian-german-gutierrez/
211,Daniel Appelgren,SWE,225,https://www.padelfip.com/es/player/daniel-appelgren/
211,Joaquin De Astoreca,ARG,225,https://www.padelfip.com/es/player/joaquin-de-astoreca/
213,Adrian Rodriguez rodriguez-Manzaneque,ESP,224,https://www.padelfip.com/es/player/adrian-rodriguez-rodriguez-manzaneque/
214,Menno Nolten,NED,222,https://www.padelfip.com/es/player/menno-nolten/
215,Jairo Guerrero Escarcena,ESP,221,https://www.padelfip.com/es/player/jairo-guerrero-escarcena/
216,Sergio Nieto Simon,ESP,220,https://www.padelfip.com/es/player/sergio-nieto-simon/
217,Manuel Gayone,ARG,219,https://www.padelfip.com/es/player/manuel-gayone/
218,Afonso Fazendeiro,POR,214,https://www.padelfip.com/es/player/afonso-fazendeiro/
219,Maxime Joris,FRA,212,https://www.padelfip.com/es/player/maxime-joris/
220,Manuel Vives,FRA,210,https://www.padelfip.com/es/player/manuel-vives/
221,Daniel Windahl,SWE,207,https://www.padelfip.com/es/player/daniel-windahl/
221,Juan Manuel Lasgoity,ITA,207,https://www.padelfip.com/es/player/juan-manuel-lasgoity/
223,Antonio Varo Ramos,ESP,206,https://www.padelfip.com/es/player/antonio-varo-ramos/
224,Octavio Alvarez,ARG,201,https://www.padelfip.com/es/player/octavio-alvarez/
224,Santino Contreras,ARG,201,https://www.padelfip.com/es/player/santino-contreras/
226,Jeremy Robert,FRA,195,https://www.padelfip.com/es/player/jeremy-robert/
227,Matteo Rosingana,ITA,194,https://www.padelfip.com/es/player/matteo-rosingana/
228,Henrique Barbosa,POR,193,https://www.padelfip.com/es/player/henrique-barbosa/
229,Alejandro Garcia Calahorro,ESP,189,https://www.padelfip.com/es/player/alejandro-garcia-calahorro/
229,Bohou Zhang,CHN,189,https://www.padelfip.com/es/player/bohou-zhang/
231,Jose Roman Martinez Sanchis,ESP,187,https://www.padelfip.com/es/player/jose-roman-martinez-sanchis/
231,Noa Bonnefoy,ITA,187,https://www.padelfip.com/es/player/noa-bonnefoy/
233,Wagdy Raslan,EGY,186,https://www.padelfip.com/es/player/wagdy-raslan/
234,Sergi Guimet Bigas,ESP,185,https://www.padelfip.com/es/player/sergi-guimet-bigas/
235,Oscar Matias Almada,ARG,184,https://www.padelfip.com/es/player/oscar-matias-almada/
236,Pablo Castillo Valverde,ESP,182,https://www.padelfip.com/es/player/pablo-castillo-valverde/
236,Matteo Sargolini,ITA,182,https://www.padelfip.com/es/player/matteo-sargolini/
238,Arthur Hugounenq,FRA,181,https://www.padelfip.com/es/player/arthur-hugounenq/
239,Thomas Vanbauce,FRA,180,https://www.padelfip.com/es/player/thomas-vanbauce/
239,Santiago Rolla,ARG,180,https://www.padelfip.com/es/player/santiago-rolla/
241,Oscar Sebber Gormsen,DEN,177,https://www.padelfip.com/es/player/oscar-sebber-gormsen/
242,Vasco Pascoal,POR,176,https://www.padelfip.com/es/player/vasco-pascoal/
242,Nicolas Rouanet,FRA,176,https://www.padelfip.com/es/player/nicolas-rouanet/
244,Juan Cruz Forastello,ARG,175,https://www.padelfip.com/es/player/juan-cruz-forastello/
245,Bentahor Espino Mustafa,ESP,173,https://www.padelfip.com/es/player/bentahor-espino-mustafa/
245,Benjamin Tison,FRA,173,https://www.padelfip.com/es/player/benjamin-tison/
247,Georges Wakim,EGY,172,https://www.padelfip.com/es/player/georges-wakim/
247,Jorrit Hazebroek,NED,172,https://www.padelfip.com/es/player/jorrit-hazebroek/
247,Vinny Nahuel Di Francesco,USA,172,https://www.padelfip.com/es/player/vinny-nahuel-di-francesco/
247,Bart Van Opstal,NED,172,https://www.padelfip.com/es/player/bart-van-opstal/
251,Federico Galli,ITA,169,https://www.padelfip.com/es/player/federico-galli/
252,Kevin Uriel Kviatkovski,ARG,167,https://www.padelfip.com/es/player/kevin-uriel-kviatkovski/
253,Zé Alexandre Meireles,POR,165,https://www.padelfip.com/es/player/ze-alexandre-meireles/
253,Adrian Molina Lopez,ESP,165,https://www.padelfip.com/es/player/adrian-molina-lopez/
253,Alejandro Guinaldo Martin,ESP,165,https://www.padelfip.com/es/player/alejandro-guinaldo-martin/
256,Facundo Dehnike,PAR,163,https://www.padelfip.com/es/player/facundo-dehnike/
256,Karlos Rodriguez Vidal,ESP,163,https://www.padelfip.com/es/player/karlos-rodriguez-vidal/
258,Carlos Perez Cabeza,ESP,161,https://www.padelfip.com/es/player/carlos-perez-cabeza/
259,Philemon Raichman,FRA,159,https://www.padelfip.com/es/player/philemon-raichman/
260,Mateo Conte Gonzalez,ARG,156,https://www.padelfip.com/es/player/mateo-conte-gonzalez/
261,Noe Sanchez Del Viejo,ESP,155,https://www.padelfip.com/es/player/noe-sanchez-del-viejo/
261,Jose Manuel Ortiz Llerena,ESP,155,https://www.padelfip.com/es/player/jose-manuel-ortiz-llerena/
263,Candido Jorge Alfaro,ESP,154,https://www.padelfip.com/es/player/candido-jorge-alfaro/
263,Michele Brambilla,ITA,154,https://www.padelfip.com/es/player/michele-brambilla/
265,Isaac Huysveld,BEL,153,https://www.padelfip.com/es/player/isaac-huysveld/
266,Victor Ortega Garcia,ESP,151,https://www.padelfip.com/es/player/victor-ortega-garcia/
266,Thomas Panken,NED,151,https://www.padelfip.com/es/player/thomas-panken/
266,Max Bjorkman,SWE,151,https://www.padelfip.com/es/player/max-bjorkman/
269,Toni Bueno,ESP,149,https://www.padelfip.com/es/player/toni-bueno/
270,Eneko Arija Ochoa De Alda,ESP,147,https://www.padelfip.com/es/player/eneko-arija-ochoa-de-alda/
270,Ignacio Alonso Chillaron,ESP,147,https://www.padelfip.com/es/player/ignacio-alonso-chillaron/
270,Olivier Guy De Chamisso,FRA,147,https://www.padelfip.com/es/player/olivier-guy-de-chamisso/
273,Nicolas Crosio,ARG,146,https://www.padelfip.com/es/player/nicolas-crosio/
273,Juan Manuel Argañaras,ARG,146,https://www.padelfip.com/es/player/juan-manuel-arganaras/
275,Kai Groen,NED,145,https://www.padelfip.com/es/player/kai-groen/
275,Andrea Mangiante,ITA,145,https://www.padelfip.com/es/player/andrea-mangiante/
277,Riccardo Sinicropi,ITA,143,https://www.padelfip.com/es/player/riccardo-sinicropi/
278,Gerard Arnaldos Serrano,ESP,140,https://www.padelfip.com/es/player/gerard-arnaldos-serrano/
279,Abraham Muñoz Zurita,ESP,139,https://www.padelfip.com/es/player/abraham-munoz-zurita/
280,Axel William Guevara,ARG,138,https://www.padelfip.com/es/player/axel-william-guevara/
281,Yanis Muesser,FRA,137,https://www.padelfip.com/es/player/yanis-muesser/
281,Louie Harris,GBR,137,https://www.padelfip.com/es/player/louie-harris/
281,Pier Giulio Farabbi,ITA,137,https://www.padelfip.com/es/player/pier-giulio-farabbi/
284,Matteo Platania,ITA,136,https://www.padelfip.com/es/player/matteo-platania/
285,Alberto Gasca Romero,ESP,135,https://www.padelfip.com/es/player/alberto-gasca-romero/
286,Alejandro Urzola Abad,ESP,134,https://www.padelfip.com/es/player/alejandro-urzola-abad/
287,Jose Pablo Padilla,MEX,133,https://www.padelfip.com/es/player/jose-pablo-padilla/
287,Noe Navarro Porras,ESP,133,https://www.padelfip.com/es/player/noe-navarro-porras/
287,Jose Pedro Montalban Martin,ESP,133,https://www.padelfip.com/es/player/jose-pedro-montalban-martin/
290,Nathan Courrin,FRA,132,https://www.padelfip.com/es/player/nathan-courrin/
290,Simone Vaccari,ITA,132,https://www.padelfip.com/es/player/simone-vaccari/
290,Miguel Oliveira,POR,132,https://www.padelfip.com/es/player/miguel-oliveira/
293,Fabricio Parra Heck,ARG,131,https://www.padelfip.com/es/player/fabricio-parra-heck/
294,Juan Jose Dominguez Cruz,ESP,130,https://www.padelfip.com/es/player/juan-jose-dominguez-cruz/
295,Mattia Di Bari,ITA,129,https://www.padelfip.com/es/player/mattia-di-bari/
295,Sergio Esteban Barroso,ESP,129,https://www.padelfip.com/es/player/sergio-esteban-barroso/
297,Youssef Hossam,EGY,128,https://www.padelfip.com/es/player/youssef-hossam/
297,Naim Horacio Diaz,ARG,128,https://www.padelfip.com/es/player/naim-horacio-diaz/
299,Juan Ignacio Franco,ARG,126,https://www.padelfip.com/es/player/juan-ignacio-franco/
299,Antonio Palma,ITA,126,https://www.padelfip.com/es/player/antonio-palma/
